Series Name,Series Code,Country Name,Country Code,1990 [YR1990],2000 [YR2000],2009 [YR2009],2010 [YR2010],2011 [YR2011],2012 [YR2012],2013 [YR2013],2014 [YR2014],2015 [YR2015],2016 [YR2016],2017 [YR2017],2018 [YR2018]
GDP (current US$),NY.GDP.MKTP.CD,Afghanistan,AFG,..,..,12439087076.7667,15856574731.4411,17804292964.1045,19907317065.6667,20561069558.2152,20484885119.7348,19907111418.9938,19046357714.4928,19543976895.4248,..
GDP (current US$),NY.GDP.MKTP.CD,Albania,ALB,2028553750,3480355258.04122,12044208085.864,11926957254.6288,12890866742.6533,12319784886.2038,12776280961.155,13228247844.1247,11386931489.7968,11883682170.8236,13038538300.2644,..
GDP (current US$),NY.GDP.MKTP.CD,Algeria,DZA,62045099642.7774,54790245600.5846,137211039898.193,161207268655.392,200019057307.655,209058991952.125,209755003250.664,213810022462.428,165979277276.907,160129866569.935,167555280113.181,..
GDP (current US$),NY.GDP.MKTP.CD,American Samoa,ASM,..,..,678000000,576000000,574000000,644000000,641000000,643000000,661000000,653000000,634000000,..
GDP (current US$),NY.GDP.MKTP.CD,Andorra,AND,1029048481.88051,1434429703.33518,3660530702.97305,3355695364.23841,3442062830.13622,3164615186.94591,3281585236.32501,3350736367.25488,2811489408.89431,2877311946.90265,3012914131.16971,..
GDP (current US$),NY.GDP.MKTP.CD,Angola,AGO,11228764963.1618,9129594818.60749,70307163678.1895,83799496611.6049,111789686464.26,128052853643.447,136709862831.308,145712200312.505,116193649124.475,101123851090.473,122123822333.73,..
GDP (current US$),NY.GDP.MKTP.CD,Antigua and Barbuda,ATG,459469058.888889,830158768.888889,1224253013.7037,1152469068.51852,1142042915.55556,1211411704.44444,1192919619.25926,1275576784.44444,1359194737.40741,1464630213.33333,1510084750.74074,..
GDP (current US$),NY.GDP.MKTP.CD,Argentina,ARG,141352368714.691,284203750000,332976484577.619,423627422092.49,530163281574.658,545982375701.128,552025140252.246,526319673731.638,594749285413.212,554860945013.62,637430331479.469,..
GDP (current US$),NY.GDP.MKTP.CD,Armenia,ARM,2256838858.42714,1911563665.39006,8647936747.98704,9260284937.79782,10142111334.4961,10619320048.5857,11121465767.4067,11609512939.7543,10553337672.9872,10546135160.031,11536590635.8268,..
GDP (current US$),NY.GDP.MKTP.CD,Aruba,ABW,764887117.194486,1873452513.96648,2498882681.56425,2390502793.29609,2549720670.39106,2534636871.50838,2581564245.81006,2649720670.39106,2691620111.73184,2646927374.30168,2700558659.21788,..
GDP (current US$),NY.GDP.MKTP.CD,Australia,AUS,310838014621.008,415034227218.489,926448240318.068,1144260547872.81,1394280784777.68,1543411012579.91,1573696522006.77,1464955475993.76,1349034029453.37,1208039015868.39,1323421072479.07,..
GDP (current US$),NY.GDP.MKTP.CD,Austria,AUT,166463386663.439,196799778883.361,400172297860.517,391892746544.69,431120310088.82,409425234155.263,430068712971.867,441885415805.825,382065930307.978,390799991147.468,416595666396.636,..
GDP (current US$),NY.GDP.MKTP.CD,Azerbaijan,AZE,9063444102.23294,5272617196.04517,44291490420.5026,52902703376.1056,65951627200.2026,69683935845.2138,74164435946.4627,75244294275.1498,53074370486.0433,37867518957.1975,40747792237.9735,..
GDP (current US$),NY.GDP.MKTP.CD,"Bahamas, The",BHS,3166000000,8076470000,9981960000,10095760000,10070450000,10720500000,10627600000,10957300000,11792300000,11838800000,12162100000,..
GDP (current US$),NY.GDP.MKTP.CD,Bahrain,BHR,4229787234.04255,9062906914.89362,22938218085.1064,25713271276.5957,28776595744.6809,30749308510.6383,32539547872.3404,33387712765.9575,31125851063.8298,32152686170.2128,35307127659.5745,..
GDP (current US$),NY.GDP.MKTP.CD,Bangladesh,BGD,31598341233.559,53369787318.6245,102477791472.39,115279077465.226,128637938711.386,133355749482.478,149990451022.29,172885454931.453,195078678697.23,221415188000.475,249723862487.361,..
GDP (current US$),NY.GDP.MKTP.CD,Barbados,BRB,2023318251.8769,3121500000,4479950000,4529900000,4660900000,4656350000,4612500000,4608350000,4584150000,4529050000,4673500000,..
GDP (current US$),NY.GDP.MKTP.CD,Belarus,BLR,21650000000,12736856827.9847,50874078052.2735,58665088956.0255,61757788944.7236,65685102554.8759,75527984234.2342,78813839984.3506,56454734396.5842,47749057078.1996,54456465472.6162,..
GDP (current US$),NY.GDP.MKTP.CD,Belgium,BEL,206430841501.69,237904919845.218,484552792442.345,483548031197.108,527008453886.929,497884216568.867,520925468952.938,530770977633.615,455039563132.776,467545548764.571,492681283049.248,..
GDP (current US$),NY.GDP.MKTP.CD,Belize,BLZ,412086445.492177,832072450,1335217500,1396731700,1486595750,1563827850,1608442150,1692955750,1762500450,1806646250,1862614800,..
GDP (current US$),NY.GDP.MKTP.CD,Benin,BEN,1959965243.76269,2569186642.86999,7097198711.61023,6970240895.49888,7814081155.64988,8152554487.31321,9157355679.70205,9707432015.61441,8291155880.59505,8573159696.61128,9246696923.66155,..
GDP (current US$),NY.GDP.MKTP.CD,Bermuda,BMU,1592400000,3480219000,5806378000,5744414000,5550771000,5537537000,5573710000,..,..,..,..,..
GDP (current US$),NY.GDP.MKTP.CD,Bhutan,BTN,299787275.842376,439158233.199822,1264758197.96593,1585472534.10547,1820207625.80217,1823692109.61652,1798333725.83954,1958819095.68324,2059809919.89325,2219675780.89539,2528007911.35353,..
GDP (current US$),NY.GDP.MKTP.CD,Bolivia,BOL,4867582620.20708,8397912509.09679,17339992165.2422,19649724655.4886,23963162983.7987,27084497539.7974,30659338929.0883,32996187988.4226,33000198263.3864,33941126193.9219,37508642112.8799,..
GDP (current US$),NY.GDP.MKTP.CD,Bosnia and Herzegovina,BIH,..,5505984455.95855,17613836209.9581,17176781336.7644,18644723860.9709,17226849297.07,18178503835.4491,18558343508.3435,16209702863.6235,16911088173.7458,18054854788.5214,..
GDP (current US$),NY.GDP.MKTP.CD,Botswana,BWA,3790567051.86778,5788329609.15755,10267133177.7334,12786654365.8738,15351972226.5024,14420393568.8596,14901750764.9811,16250750259.0212,14406496463.6055,15648632361.5749,17406565823.2986,..
GDP (current US$),NY.GDP.MKTP.CD,Brazil,BRA,461951782000,655420645476.906,1667019780934.28,2208871646202.82,2616201578192.25,2465188674415.03,2472806919901.67,2455993625159.37,1802214373741.32,1793989048409.29,2055505502224.73,..
GDP (current US$),NY.GDP.MKTP.CD,British Virgin Islands,VGB,..,..,..,..,..,..,..,..,..,..,..,..
GDP (current US$),NY.GDP.MKTP.CD,Brunei Darussalam,BRN,3520551724.13793,6001153306.2645,10732366286.2643,13707370737.0737,18525319977.7407,19048495518.5659,18093829923.2737,17098342541.4365,12930394937.8137,11400653949.1783,12128089001.5858,..
GDP (current US$),NY.GDP.MKTP.CD,Bulgaria,BGR,20632090909.0909,13153016530.8718,51884481410.3931,50610058210.3696,57418414504.0882,53903022339.0276,55555171009.772,56814543481.2102,50201314894.5817,53240950226.2443,58220973782.7715,..
GDP (current US$),NY.GDP.MKTP.CD,Burkina Faso,BFA,3101301780.95067,2628920056.10098,8369175126.25316,8979966766.07232,10724063457.8326,11166063466.5623,11947176341.9966,12377391462.6377,10419303761.3524,10886363726.8422,12322864244.9183,..
GDP (current US$),NY.GDP.MKTP.CD,Burundi,BDI,1132101252.51817,870486065.883137,1781455092.07114,2032135246.50004,2235820867.82743,2333308099.46249,2451625332.74584,2705783272.07443,3104394858.11518,2959185295.39019,3172416146.3921,..
GDP (current US$),NY.GDP.MKTP.CD,Cabo Verde,CPV,306891107.262039,539227277.626411,1711817181.52969,1664310769.55229,1864824080.69256,1751888561.72747,1850470042.43281,1859898513.26858,1596800287.16405,1663008687.09505,1772706451.18085,..
GDP (current US$),NY.GDP.MKTP.CD,Cambodia,KHM,..,3677897739.07628,10401851850.6108,11242275198.9783,12829541141.0127,14054443213.4639,15227991395.2201,16702610842.4025,18049954289.4229,20016747754.0192,22158209502.6391,..
GDP (current US$),NY.GDP.MKTP.CD,Cameroon,CMR,11151578050.7356,10083937740.0624,26017925551.8426,26143818509.6421,29337006833.0825,29104437355.0395,32348149947.3727,34942948737.3967,30916218544.4404,32621535418.9031,34922782310.6416,..
GDP (current US$),NY.GDP.MKTP.CD,Canada,CAN,593929550908.468,742293448252.643,1371153004986.44,1613464422811.13,1788647906047.76,1824288757447.57,1842628005830.18,1799268695861.8,1559623393038.66,1535767736946.18,1653042795255.04,..
GDP (current US$),NY.GDP.MKTP.CD,Cayman Islands,CYM,..,..,..,..,..,..,..,..,..,..,..,..
GDP (current US$),NY.GDP.MKTP.CD,Central African Republic,CAF,1440711395.67069,914500299.097034,1981732633.92013,1986015906.25044,2195599556.73866,2169706564.05899,1518565298.35641,1702899386.14322,1583776805.96568,1755468136.86556,1949411659.20453,..
GDP (current US$),NY.GDP.MKTP.CD,Chad,TCD,1738605558.05432,1385058161.76746,9253484108.49701,10657705536.4978,12156380425.0825,12368071038.7362,12949854262.8127,13922223233.5184,10945989471.6286,10090922857.3905,9871247731.89787,..
GDP (current US$),NY.GDP.MKTP.CD,Channel Islands,CHI,..,6439703434.71024,..,..,..,..,..,..,..,..,..,..
GDP (current US$),NY.GDP.MKTP.CD,Chile,CHL,33113887817.9731,77860932151.8471,172389498444.621,218537551220.071,252251992029.442,267122320056.702,278384332694.359,260584090570.988,243999477737.94,250036180921.053,277075944401.941,..
GDP (current US$),NY.GDP.MKTP.CD,China,CHN,360857912565.966,1211346869605.24,5109953609257.25,6100620488867.55,7572553836875.34,8560547314679.28,9607224481532.65,10482372109961.9,11064666282625.5,11190992550229.5,12237700479375,..
GDP (current US$),NY.GDP.MKTP.CD,Colombia,COL,47844090709.9908,99886577330.7271,232494134119.684,286103648654.545,334454039093.586,370574421703.06,381866608838.8,381112119657.445,293481748240.779,282856115393.175,314457601859.523,..
GDP (current US$),NY.GDP.MKTP.CD,Comoros,COM,429622147.743446,350264287.687331,901711442.285944,907093130.313521,1021746833.42573,1015901205.42028,1115906341.77727,1148058015.47633,988150249.533688,1024261820.6281,1068124329.86257,..
GDP (current US$),NY.GDP.MKTP.CD,"Congo, Dem. Rep.",COD,9349764580.36997,19088046305.7971,18648373312.4241,21565720044.4634,25839749198.8233,29306235826.3886,32679745297.6453,35909040265.9328,37917704900.0794,37134799974.5225,37642482562.3205,..
GDP (current US$),NY.GDP.MKTP.CD,"Congo, Rep.",COG,2798746050.58228,3219910550.39332,9593537550.75063,12007880438.6232,14425607179.6639,13677930123.5919,14085851348.069,14177437982.2619,8553154580.39951,9035848070.90357,8701334800.21976,..
GDP (current US$),NY.GDP.MKTP.CD,Costa Rica,CRI,5711687786.75989,14949514493.4226,30562361123.0103,37268635287.1516,42262697840.4212,46473128285.4629,49745088111.6217,50577769837.691,54775994478.4981,57157992434.219,57285984447.7113,..
GDP (current US$),NY.GDP.MKTP.CD,Cote d'Ivoire,CIV,10795850106.9547,10717022462.6859,24277493862.0625,24884505034.5564,25381616734.0693,26790579775.295,31273049200.243,35343298113.5131,39633467835.725,35389998638.9371,37353276059.2518,..
GDP (current US$),NY.GDP.MKTP.CD,Croatia,HRV,..,21774273831.5586,62754161039.069,59844207748.9473,62404149309.6847,56548374546.3441,58147688052.2904,57671307486.8132,49490142433.1046,51640880494.2725,55213087270.6341,..
GDP (current US$),NY.GDP.MKTP.CD,Cuba,CUB,28645436569.1489,30565400000,62080000000,64328000000,68990000000,73141000000,77148000000,80656000000,87133000000,91370000000,96851000000,..
GDP (current US$),NY.GDP.MKTP.CD,Curacao,CUW,..,..,..,..,..,..,..,..,..,..,..,..
GDP (current US$),NY.GDP.MKTP.CD,Cyprus,CYP,5591130217.66965,9985843543.82658,25942664629.0636,25562264900.6622,27426994717.8204,25041397918.5404,24084559214.0202,23364707443.2798,19680625485.1946,20453761061.9469,22054225828.2623,..
GDP (current US$),NY.GDP.MKTP.CD,Czech Republic,CZE,40477403219.5176,61649492816.5201,206179982164.402,207477857918.919,227948349666.354,207376427020.815,209402444996.104,207818330723.835,186829940545.759,195305084919.138,215725534372.371,..
GDP (current US$),NY.GDP.MKTP.CD,Denmark,DNK,138247261092.977,164158800460.219,321241396034.248,321995350346.501,344003209695.606,327148899962.146,343584385594.132,352993633221.281,301298464861.385,306899653409.601,324871968807.469,..
GDP (current US$),NY.GDP.MKTP.CD,Djibouti,DJI,452328087.282876,551230861.856506,1049110684.72493,1128611700.3618,1239144501.77525,1353632941.5207,1324733711.82922,1455035088.74594,1633741922.68737,1764268468.93991,1844674434.50371,..
GDP (current US$),NY.GDP.MKTP.CD,Dominica,DMA,201428730,333468888.888889,489074333.333333,493824407.407407,501025296.296296,485998000,501979148.148148,523540777.777778,540830666.666667,575468222.222222,496727000,..
GDP (current US$),NY.GDP.MKTP.CD,Dominican Republic,DOM,7073675544.80847,24305116729.1851,48376555305.6902,53982886258.2205,57811180659.4545,60657780260.6792,62661773591.7203,66065015410.0468,68802092020.9448,72342967648.3354,75931656814.657,..
GDP (current US$),NY.GDP.MKTP.CD,Ecuador,ECU,15239278100.3502,18327764882.4412,62519686000,69555367000,79276664000,87924544000,95129659000,101726331000,99290381000,99937696000,104295862000,..
GDP (current US$),NY.GDP.MKTP.CD,"Egypt, Arab Rep.",EGY,42978914311.3504,99838543960.0763,188982374700.805,218888324504.753,236001858960.015,279372758361.832,288586231501.877,305529656458.438,332698041030.807,332927833278.038,235369129337.711,..
GDP (current US$),NY.GDP.MKTP.CD,El Salvador,SLV,4817542204.02673,11784927700,17601616000,18447922400,20283783700,21386153000,21977401900,22585841200,23166030400,23912227500,24805439600,..
GDP (current US$),NY.GDP.MKTP.CD,Equatorial Guinea,GNQ,112119406.548331,1045998496.43872,15027795173.2187,16298542027.9965,21329395900.871,22389626329.3369,21942597765.3631,21736500712.9638,13180195435.1132,11260900825.8233,12293579173.2134,..
GDP (current US$),NY.GDP.MKTP.CD,Eritrea,ERI,..,706370815.584416,1856695551.21951,2117039512.19512,2607739837.39837,..,..,..,..,..,..,..
GDP (current US$),NY.GDP.MKTP.CD,Estonia,EST,..,5685774808.80862,19652492636.8436,19490936349.1753,23170239900.7654,23043864510.0543,25137153149.4377,26224622450.8302,22566956982.229,23337907618.5174,25921079612.3337,..
GDP (current US$),NY.GDP.MKTP.CD,Eswatini,SWZ,1114703088.1614,1738100853.05052,3580417066.92472,4438778424.30203,4820499924.2539,4823831656.51644,4560713073.91948,4377293816.28535,4020275298.02726,3817430000,4433664364.24725,..
GDP (current US$),NY.GDP.MKTP.CD,Ethiopia,ETH,12175166763.285,8242392103.68061,32437389116.038,29933790334.3418,31952763089.33,43310721414.0829,47648211133.2183,55612228233.5179,64464547915.2698,73000980433.9486,80561496133.9172,..
GDP (current US$),NY.GDP.MKTP.CD,Faroe Islands,FRO,..,1062339943.83343,2257083698.63269,2301168186.90991,2468754074.54319,2356495468.27795,2613464380.46401,2810547884.18708,2476746087.18917,..,..,..
GDP (current US$),NY.GDP.MKTP.CD,Fiji,FJI,1337024782.22702,1684109743.49338,2870624635.68032,3140508835.9485,3774530615.65916,3972012570.53467,4190143206.25611,4483416339.93854,4362128146.45309,4671313314.55578,5061202767.42948,..
GDP (current US$),NY.GDP.MKTP.CD,Finland,FIN,141517648888.198,125539893126.958,251499027507.641,247799815768.477,273674236772.815,256706466091.089,269980111642.898,272609288689.575,232464833065.554,238677672281.611,251884887972.766,..
GDP (current US$),NY.GDP.MKTP.CD,France,FRA,1269179616913.63,1362248940482.77,2690222283967.77,2642609548930.36,2861408170264.61,2683825225092.63,2811077725703.59,2852165760630.27,2438207896251.84,2465134297438.91,2582501307216.42,..
GDP (current US$),NY.GDP.MKTP.CD,French Polynesia,PYF,3181206304.81549,3447543137.9415,..,..,..,..,..,..,..,..,..,..
GDP (current US$),NY.GDP.MKTP.CD,Gabon,GAB,5952293765.84468,5067865320.7979,12065138272.7538,14358584300.3006,18186478119.9582,17171447372.3334,17590745162.1326,18179752009.7489,14377324797.637,14014369641.7689,15013950984.084,..
GDP (current US$),NY.GDP.MKTP.CD,"Gambia, The",GMB,317083373.524559,782915402.421095,900639534.010899,951806368.699129,898290989.936018,910026155.731035,1367041584.96392,1259063629.83287,1394149615.02468,1442298542.44008,1489464787.57415,..
GDP (current US$),NY.GDP.MKTP.CD,Georgia,GEO,7753501867.76095,3057453467.55136,10766809096.1694,11638536861.8315,14434619972.4072,15846474597.7447,16140047041.6347,16509305828.9648,13993546747.7492,14378016729.1587,15081338092.2875,..
GDP (current US$),NY.GDP.MKTP.CD,Germany,DEU,1764967948916.6,1949953934033.54,3418005001389.27,3417094562648.95,3757698281117.55,3543983909148.01,3752513503278.41,3890606893346.69,3375611100742.22,3477796274496.8,3677439129776.6,..
GDP (current US$),NY.GDP.MKTP.CD,Ghana,GHA,5889174825.487,4983024408.14828,25977847813.7422,32174772955.9748,39566292432.8615,41939728978.7281,63277216928.5093,53601126663.9079,49181854798.2552,55009730600.0307,58996776237.7603,..
GDP (current US$),NY.GDP.MKTP.CD,Gibraltar,GIB,..,..,..,..,..,..,..,..,..,..,..,..
GDP (current US$),NY.GDP.MKTP.CD,Greece,GRC,97891090928.6328,130133845771.144,330000252153.376,299361576558.217,287797822093.178,245670666639.047,239862011450.103,237029579260.722,195541761243.144,192690813126.86,200288277129.038,..
GDP (current US$),NY.GDP.MKTP.CD,Greenland,GRL,1018970364.86443,1068030829.75591,2529948329.57153,2503156060.52524,2684467375.71479,2609667673.71601,2669515517.33348,2837737193.76392,2520206899.62693,2705898955.68727,..,..
GDP (current US$),NY.GDP.MKTP.CD,Grenada,GRD,278098762.962963,520044370.37037,771275555.555555,771013259.259259,778655925.925926,799882259.259259,842620111.111111,911497407.407407,997007925.925926,1061631222.22222,1126882296.2963,..
GDP (current US$),NY.GDP.MKTP.CD,Guam,GUM,..,..,4781000000,4895000000,4928000000,5199000000,5336000000,5538000000,5710000000,5793000000,5859000000,..
GDP (current US$),NY.GDP.MKTP.CD,Guatemala,GTM,7650125217.35253,19288827158.9035,37734072275.5946,41338521642.0274,47654783850.6388,50388460920.182,53851148431.932,58722323918.1604,63767597193.9175,68663653469.1246,75620095537.5005,..
GDP (current US$),NY.GDP.MKTP.CD,Guinea,GIN,2666616176.91609,2995360969.16199,6716904635.18733,6853467936.39129,6785137222.16956,7638045248.45942,8376613796.93426,8778473640.90839,8794202409.5678,8694360304.56367,10472514514.62,..
GDP (current US$),NY.GDP.MKTP.CD,Guinea-Bissau,GNB,243961995.509785,370173838.651652,826798659.766283,849050127.504407,1098379391.95039,989327811.785114,1045790132.98518,1053512334.17271,1047808175.00057,1178204501.38801,1346841897.00437,..
GDP (current US$),NY.GDP.MKTP.CD,Guyana,GUY,396582263.291139,712667896.727512,2061324145.62393,2273224261.15644,2576024015.5869,2861560060.9322,2987684143.46656,3077643261.39312,3197222215.01211,3504024213.07506,3621046004.84262,..
GDP (current US$),NY.GDP.MKTP.CD,Haiti,HTI,3096289800,3953846310.66081,6584649419.28348,6622541528.56888,7516834160.25277,7890216507.68913,8452509315.87722,8776350789.5993,8724656126.49849,7970649131.23416,8408150517.97684,..
GDP (current US$),NY.GDP.MKTP.CD,Honduras,HND,4923009551.51561,7103507989.05044,14587496229.1811,15839344591.9842,17710315005.9999,18528601901.324,18499710127.8385,19756494434.7031,20979767785.2104,21643936938.9096,22978532896.7816,..
GDP (current US$),NY.GDP.MKTP.CD,"Hong Kong SAR, China",HKG,76928290841.8701,171668164082.555,214046415026.187,228637697575.04,248513617677.287,262629441493.476,275696879834.966,291459356985.337,309383627028.561,320881182123.855,341449340450.649,..
GDP (current US$),NY.GDP.MKTP.CD,Hungary,HUN,..,47310623887.2319,130593960612.172,130922638689.071,140782064609.187,127856647107.82,135215704418.963,140118140454.711,122879042001.915,125816640420.569,139135029758.29,..
GDP (current US$),NY.GDP.MKTP.CD,Iceland,ISL,6372905073.10779,8927140438.33316,12944114736.1985,13310567802.9356,14732689534.5966,14292008745.4017,15548321544.3776,17304033020.5364,16942247373.9704,20304098101.4115,23909289978.5861,..
GDP (current US$),NY.GDP.MKTP.CD,India,IND,316697337894.513,462146799336.77,1323940295874.9,1656617073124.21,1823049927771.46,1827637859135.7,1856722121394.53,2039127446298.55,2102390808996.69,2274229710530.47,2600818243559.65,..
GDP (current US$),NY.GDP.MKTP.CD,Indonesia,IDN,106140727357.032,165021012077.81,539580085612.401,755094160363.073,892969107923.097,917869910105.748,912524136718.019,890814755233.225,860854235065.079,932256495234.247,1015539017536.5,..
GDP (current US$),NY.GDP.MKTP.CD,"Iran, Islamic Rep.",IRN,124813263926.246,109591707802.233,414059094949.063,487069570463.768,583500357530.414,598853401276.101,467414852231.299,434474616831.914,385874474398.59,418976679728.567,454012768723.589,..
GDP (current US$),NY.GDP.MKTP.CD,Iraq,IRQ,179885815374.719,..,111660855042.735,138516722649.573,185749664444.444,218000986222.639,234648370497.427,234648370497.427,177498577312.923,170559560067.682,192060810810.811,..
GDP (current US$),NY.GDP.MKTP.CD,Ireland,IRL,49364681255.6988,99853528653.0311,236311336482.356,221951354761.532,239018536581.675,225571853194.348,239389340720.488,258099014042.117,290617008367.572,304819018067.107,333730764773.18,..
GDP (current US$),NY.GDP.MKTP.CD,Isle of Man,IMN,..,1563667799.61578,5487083657.89064,5920177688.50433,6566098381.6696,6433357030.0158,6754330154.76004,7428280401.5139,6792417112.29947,6592627599.24386,..,..
GDP (current US$),NY.GDP.MKTP.CD,Israel,ISR,58986997916.8733,132339311284.428,207419370241.335,233609522091.468,261628548084.179,257296579579.346,292489185194.417,308416982140.362,299093839689.55,317747542489.389,350850537827.281,..
GDP (current US$),NY.GDP.MKTP.CD,Italy,ITA,1177326294440.85,1141759996314.72,2185160183384.27,2125058244242.92,2276292404600.52,2072823157059.76,2130491320658.68,2151732868243.21,1832868490534.11,1859383610248.72,1934797937411.33,..
GDP (current US$),NY.GDP.MKTP.CD,Jamaica,JAM,4592224067.37194,8985352831.94058,12067478477.5714,13200286270.4683,14413359665.4275,14798716216.2162,14193012191.4957,13852192273.1357,14145469269.457,14072135208.5664,14781107821.7513,..
GDP (current US$),NY.GDP.MKTP.CD,Japan,JPN,3132817652848.04,4887519660744.86,5231382674593.7,5700098114744.41,6157459594823.72,6203213121334.12,5155717056270.83,4850413536037.84,4394977752877.82,4949273341993.88,4872136945507.59,..
GDP (current US$),NY.GDP.MKTP.CD,Jordan,JOR,4160003917.43258,8460424400.56418,23820230000,26425379436.6197,28840263380.2817,30937277605.6338,33593843661.9718,35826925774.6479,37517410281.6901,38654727746.4789,40068308450.7042,..
GDP (current US$),NY.GDP.MKTP.CD,Kazakhstan,KAZ,26932728898.8146,18291990619.137,115308661142.927,148047348240.643,192626507971.584,207998568865.789,236634552078.102,221415572819.5,184388432148.715,137278320084.171,162886867831.694,..
GDP (current US$),NY.GDP.MKTP.CD,Kenya,KEN,8572359162.85631,12705357103.0056,37021512048.8158,40000088346.8041,41953433591.4101,50412754861.0191,55096728047.9408,61448041564.0191,64007751187.8874,70875223143.0362,79263075749.2682,..
GDP (current US$),NY.GDP.MKTP.CD,Kiribati,KIR,39809538.6776989,67254174.3970315,132420059.273124,156120895.248578,181705002.578649,190243321.598675,185113921.606488,179703443.302686,171117872.436331,178328873.030033,185572501.532802,..
GDP (current US$),NY.GDP.MKTP.CD,"Korea, Dem. People’s Rep.",PRK,..,..,..,..,..,..,..,..,..,..,..,..
GDP (current US$),NY.GDP.MKTP.CD,"Korea, Rep.",KOR,279349355713.801,561633125839.994,901934953364.711,1094499338702.72,1202463682633.85,1222807284485.31,1305604981271.91,1411333926201.24,1382764027113.82,1414804158515.26,1530750923148.7,..
GDP (current US$),NY.GDP.MKTP.CD,Kosovo,XKX,..,1849196082.05507,5653792720.20006,5830463576.15894,6691826522.10175,6499935757.42002,7071959638.87414,7386891336.07536,6440612176.999,6714712389.38053,7244888738.28081,..
GDP (current US$),NY.GDP.MKTP.CD,Kuwait,KWT,18427777777.7778,37711864406.7797,105899930507.297,115419050942.08,154027536231.884,174070025008.932,174161142454.161,162631412508.784,114567298105.683,110912280701.754,120126277612.925,..
GDP (current US$),NY.GDP.MKTP.CD,Kyrgyz Republic,KGZ,2675000000,1369692689.42855,4690062255.12247,4794357795.07139,6197766118.59856,6605139933.41063,7335027591.91628,7468096566.71158,6678178340.45121,6813092065.83507,7564738836.04122,..
GDP (current US$),NY.GDP.MKTP.CD,Lao PDR,LAO,865559856.1639,1731198022.45494,5832915387.08908,7127792629.58294,8749241114.18913,10191350119.6808,11942230508.334,13268458231.9284,14390391264.2607,15805707154.2329,16853087485.4118,..
GDP (current US$),NY.GDP.MKTP.CD,Latvia,LVA,..,7937758980.30127,26169854045.0375,23757368290.0955,28223552824.7508,28119996053.2511,30254677296.9181,31335013751.5424,26972863393.6384,27571513793.3984,30264454641.8004,..
GDP (current US$),NY.GDP.MKTP.CD,Lebanon,LBN,2838485353.96187,17260364842.4544,35477299023.8806,38419626605.3731,40075674163.2504,44047334183.8806,46471385850.1493,48524603055.257,49910270062.1559,51483909754.8922,53576985686.6998,..
GDP (current US$),NY.GDP.MKTP.CD,Lesotho,LSO,596415104.549144,887295267.875155,1773199526.39088,2361613522.46014,2787951879.23236,2678475775.1495,2526009059.18717,2614566294.19462,2510312804.76737,2323419619.1784,2578265358.30386,..
GDP (current US$),NY.GDP.MKTP.CD,Liberia,LBR,..,874000000,1768000000,1998000000,2398000000,2721000000,3067000000,3144000000,3177000000,3277826000,3285455000,..
GDP (current US$),NY.GDP.MKTP.CD,Libya,LBY,28901836158.1921,38270206950.41,63028320702.0343,74773444900.5368,34699395523.6073,81873662518.8238,65502870173.7831,41142722414.3351,27842131486.4054,26221660076.2226,38107728082.5817,..
GDP (current US$),NY.GDP.MKTP.CD,Liechtenstein,LIE,1421466239.56234,2483953102.79488,4504549214.22663,5082366478.08994,5739977477.47748,5456009384.66461,6391735893.83968,6657170923.37918,6268391521.19701,6214633651.30911,..,..
GDP (current US$),NY.GDP.MKTP.CD,Lithuania,LTU,..,11539211480.3625,37440673477.8982,37120517693.8622,43476873412.803,42848195256.2142,46417340374.5203,48516371720.8346,41508609232.7778,42773029835.3222,47168303744.1329,..
GDP (current US$),NY.GDP.MKTP.CD,Luxembourg,LUX,13229247947.8513,21263514833.2412,51370543206.4462,53212476812.2957,60004630234.4135,56677961787.0717,61739352212.3049,66327344188.889,57784495265.4378,58631324559.4484,62404461274.6636,..
GDP (current US$),NY.GDP.MKTP.CD,"Macao SAR, China",MAC,3220920084.77746,6720492405.83611,21475520709.3922,28123640998.7253,36709860068.3445,43031577366.4251,51552075901.5183,55347998647.8196,45361678146.5247,45310877912.7215,50361201096.4366,..
GDP (current US$),NY.GDP.MKTP.CD,Madagascar,MDG,3081479800.28769,3877673539.09084,8550363974.79243,8729936135.74487,9892702357.56691,9919780071.28764,10601690871.7611,10673516672.6664,9744243531.20119,10001193315.1966,11499803806.5729,..
GDP (current US$),NY.GDP.MKTP.CD,Malawi,MWI,1880771556.30474,1743506531.32652,6191127665.1963,6959655570.89098,8004000737.30717,6028487928.83351,5518880768.57955,6047813437.31804,6373212640.84604,5433040159.88747,6303292264.18905,..
GDP (current US$),NY.GDP.MKTP.CD,Malaysia,MYS,44024178343.0071,93789736842.1053,202257586267.556,255016609232.871,297951960784.314,314443149443.149,323277158906.979,338061963396.376,296636282166.176,296752886724.682,314710259510.743,..
GDP (current US$),NY.GDP.MKTP.CD,Maldives,MDV,215089005.235602,624337145.284622,2345294875,2588176054.6875,2774351760.03287,2886170571.69634,3295011381.75405,3697351596.83753,4109424801.40835,4414055724.80263,4865546027.0157,..
GDP (current US$),NY.GDP.MKTP.CD,Mali,MLI,2681912030.49384,2954129565.82965,10181021770.4326,10678749467.4697,12978107560.5982,12442747897.2223,13246412031.4145,14345828992.0411,13099495529.7113,14010787737.8424,15334336143.644,..
GDP (current US$),NY.GDP.MKTP.CD,Malta,MLT,2547163582.33149,4306192435.82207,8528202278.41067,8741059602.64901,9505636641.64581,9205742001.79879,10146688738.6529,11216758081.9535,10554669617.5194,11274020600.9269,12518134319.0893,..
GDP (current US$),NY.GDP.MKTP.CD,Marshall Islands,MHL,78476000,110937700,152617500,164969100,173260300,185210500,190800800,183121300,179697900,194497900,204173430.050761,..
GDP (current US$),NY.GDP.MKTP.CD,Mauritania,MRT,1019600770.60339,1293654175.2102,3662282133.18962,4337791006.84248,5166341003.05814,5231255478.38986,5724227185.17784,5391475277.24326,4844223106.95469,4739298730.42216,5024708655.99147,..
GDP (current US$),NY.GDP.MKTP.CD,Mauritius,MUS,2653480001.34558,4582555124.64952,9128843109.15588,10003670690.3497,11518393367.2403,11668685524.1265,12129642296.4425,12803445933.5894,11692287066.381,12232463655.5727,13266427697.2513,..
GDP (current US$),NY.GDP.MKTP.CD,Mexico,MEX,261253582805.945,707906744574.644,900045350649.351,1057801295584.05,1180489601957.61,1201089987015.45,1274443084716.57,1314563967425.24,1170564619927.69,1077779580638.77,1150887823404.18,..
GDP (current US$),NY.GDP.MKTP.CD,"Micronesia, Fed. Sts.",FSM,147200000,233226300,279966700,296525300,310502100,326128700,316040600,317999400,315179700,329895600,336427500,..
GDP (current US$),NY.GDP.MKTP.CD,Moldova,MDA,..,1288429391.79951,5439422031.39627,5811604051.96737,7015206498.21955,7284686576.2835,7985387151.61916,7983241044.20189,6512885830.43282,6795731286.20042,8128493432.07741,..
GDP (current US$),NY.GDP.MKTP.CD,Monaco,MCO,2481316053.85316,2647883815.57966,5451653237.01028,5362649006.62252,6080344731.72088,5743029680.07195,6553372278.27934,7060236168.2367,6258178995.23123,6468252212.38938,..,..
GDP (current US$),NY.GDP.MKTP.CD,Mongolia,MNG,2560785660,1136896123.61298,4583850367.88972,7189481824.07288,10409797649.3063,12292770631.1967,12582122604.1921,12226514722.0861,11749620619.5962,11186734674.3847,11433635875.9316,..
GDP (current US$),NY.GDP.MKTP.CD,Montenegro,MNE,..,984297589.359934,4159330369.5471,4139192052.98013,4538198498.74896,4087724527.81704,4464261816.25066,4587926230.59573,4052913385.82677,4374130530.97345,4844592066.71174,..
GDP (current US$),NY.GDP.MKTP.CD,Morocco,MAR,30180108561.9305,38857251336.3448,92897320375.8176,93216746661.5977,101370474295.109,98266306615.3632,106825649872.108,110081248587.369,101179808076.36,103345296966.607,109708728848.535,..
GDP (current US$),NY.GDP.MKTP.CD,Mozambique,MOZ,2512079324.07706,5016469068.50898,10911698204.4676,10154238250.1818,13131168011.807,14534278439.5973,16018848993.9909,16961117243.491,14798413628.4625,10981358030.5316,12645508633.7664,..
GDP (current US$),NY.GDP.MKTP.CD,Myanmar,MMR,..,8905066163.58643,36906181380.8127,49540813342.4834,59977326085.9908,59937797559.3295,60269734044.526,65446199787.8425,59687410896.5734,63256184700.2223,67068745521.3823,..
GDP (current US$),NY.GDP.MKTP.CD,Namibia,NAM,2785764518.01845,3833993706.73581,8876191120.76189,11282192605.0374,12409629835.6998,13016272898.9038,12717790504.5002,12786078008.2376,11650656642.2655,11281259987.2185,13253698014.7075,..
GDP (current US$),NY.GDP.MKTP.CD,Nauru,NRU,..,..,44290951.9252006,49248810.5726872,72751801.046087,103811958.762887,108601538.461538,117020381.931693,100459782.608696,102060129.577055,113884908.36413,..
GDP (current US$),NY.GDP.MKTP.CD,Nepal,NPL,3627562402.66027,5494252207.90502,12854985464.0764,16002656434.4746,18913574370.76,18851513891.066,19271168018.482,20002968837.9471,21410840908.5198,21185922407.5922,24880266905.4961,..
GDP (current US$),NY.GDP.MKTP.CD,Netherlands,NLD,314267667675.178,412807259996.315,857932759099.75,836389937229.197,893757287201.688,828946812396.788,866680000367.264,879635084124.987,757999453314.269,777227541581.307,826200282501.127,..
GDP (current US$),NY.GDP.MKTP.CD,New Caledonia,NCL,2529310103.83608,2682347064.3642,..,..,..,..,..,..,..,..,..,..
GDP (current US$),NY.GDP.MKTP.CD,New Zealand,NZL,45519034243.71,52622842840.2055,121338622025.111,146583831538.331,168461998741.295,176192886551.397,190785204763.525,200955119873.905,177620948761.31,189285950470.754,205852838254.712,..
GDP (current US$),NY.GDP.MKTP.CD,Nicaragua,NIC,1009455483.87097,5107329007.0922,8298695144.91507,8758622328.66962,9774316692.15985,10532001129.67,10982972256.3787,11880438824.4494,12611087031.4931,13184989877.5664,13814261535.5434,..
GDP (current US$),NY.GDP.MKTP.CD,Niger,NER,2480673194.99252,1798374468.36362,5373097440.5653,5718664504.91341,6409184724.22579,6942258305.19085,7667952566.39877,8229731383.7693,7217667780.59665,7528285443.60769,8119710126.3489,..
GDP (current US$),NY.GDP.MKTP.CD,Nigeria,NGA,54035795388.0915,69448756932.6008,291880204327.632,363359886203.263,410334579160.59,459376049763.819,514966287334.443,568498937615.594,494583180777.234,404649527537.713,375745486520.656,..
GDP (current US$),NY.GDP.MKTP.CD,North Macedonia,MKD,4699646643.10954,3772851420.24763,9401731495.71661,9407168702.4313,10494632699.3859,9745251126.0109,10817712138.9451,11362272837.8818,10064515432.0265,10672471860.7184,11279509013.9119,..
GDP (current US$),NY.GDP.MKTP.CD,Northern Mariana Islands,MNP,..,..,795000000,799000000,733000000,751000000,782000000,845000000,931000000,1250000000,1593000000,..
GDP (current US$),NY.GDP.MKTP.CD,Norway,NOR,119791683307.507,171315639982.731,386622457579.95,429130952709.224,498831558925.86,510229136226.902,523502127659.574,499338534779.159,386663139402.707,371075238095.238,398831956477.937,..
GDP (current US$),NY.GDP.MKTP.CD,Oman,OMN,11685045513.6541,19507412223.6671,48388296488.9467,58642392717.8153,67937581274.3823,76689206762.0286,78784395318.5956,81076723016.9051,68905071521.4564,66824447334.2003,72642652795.8387,..
GDP (current US$),NY.GDP.MKTP.CD,Pakistan,PAK,40010424928.715,73952374969.7995,168152775283.032,177406854514.885,213587413183.996,224383620829.57,231218567178.979,244360888750.807,270556126820.064,278654637737.69,304951818494.066,..
GDP (current US$),NY.GDP.MKTP.CD,Palau,PLW,..,144759500,182704300,182863000,193235600,214648500,225345700,245675100,293124000,303984500,289823500,..
GDP (current US$),NY.GDP.MKTP.CD,Panama,PAN,6433967000,12304115000,27116635600,29440287600,34686224300,40429734400,45599994000,49921464365.3204,54091713775.5634,57957594212.2216,62283756584.4322,..
GDP (current US$),NY.GDP.MKTP.CD,Papua New Guinea,PNG,3219730364.99623,3521339699.07407,11619541940.4014,14250726289.854,17984816533.1084,21295834133.2309,21261305413.2323,23060047127.6509,20638636035.255,19028120012.7673,20536314601.1039,..
GDP (current US$),NY.GDP.MKTP.CD,Paraguay,PRY,5812114523.02702,8855705139.55857,22341754513.9643,27215968615.5548,33715524703.9288,33283228891.0923,38585317742.981,40276532540.8812,36164068797.2511,36054281572.3981,39667400816.2126,..
GDP (current US$),NY.GDP.MKTP.CD,Peru,PER,26410386669.3609,51744749133.213,120822986521.479,147528937028.778,171761737046.585,192648999090.082,201217661645.509,201080662205.002,189926516769.25,191639655121.33,211389272242.157,..
GDP (current US$),NY.GDP.MKTP.CD,Philippines,PHL,44311593755.7845,81026300310.0109,168334601260.075,199590775190.258,224143083706.777,250092092998.143,271836123723.678,284584522898.872,292774099013.687,304889079564.142,313595208736.66,..
GDP (current US$),NY.GDP.MKTP.CD,Poland,POL,65977749036.9844,171885598582.637,439796160379.475,479257883741.752,528725113045.826,500284003684.372,524201151607.188,545285410921.999,476970902628.578,471992087443.889,526465839002.568,..
GDP (current US$),NY.GDP.MKTP.CD,Portugal,PRT,78721607509.4923,118358489957.619,243745748819.116,238303443425.21,244895101712.451,216368178659.447,226073492966.495,229629822121.601,199420256049.689,205184480409.024,217571083045.99,..
GDP (current US$),NY.GDP.MKTP.CD,Puerto Rico,PRI,30603919000,61701800000,96385600000,98381300000,100351700000,101564800000,102450000000,102445800000,103375500000,103960800000,..,..
GDP (current US$),NY.GDP.MKTP.CD,Qatar,QAT,7360439423.07692,17759890109.8901,97798351648.3516,125122306346.154,167775274725.275,186833516483.516,198727747252.747,206224725274.725,161739835164.835,151732142857.143,166928571428.571,..
GDP (current US$),NY.GDP.MKTP.CD,Romania,ROU,38995454545.4545,37438527799.5302,172611845341.554,166225180150.414,183443154234.731,171196268957.961,190949066979.176,199626806401.529,177893451831.141,188494136775.719,211883923504.01,..
GDP (current US$),NY.GDP.MKTP.CD,Russian Federation,RUS,516814274021.956,259708496267.33,1222644282200.48,1524917468442.6,2051661732059.47,2210256976944.74,2297128039058.16,2063662665172.51,1368400705490.7,1284727602174.3,1577524145962.85,..
GDP (current US$),NY.GDP.MKTP.CD,Rwanda,RWA,2550185618.14774,1734938652.21165,5378925894.62296,5773084568.14756,6563320570.40862,7334917696.72263,7621923307.70325,8016591927.65923,8277613193.57631,8475681532.52169,9135454442.14013,..
GDP (current US$),NY.GDP.MKTP.CD,Samoa,WSM,125766269.755358,269019710.327456,560959527.824621,643046733.391126,739785121.889922,801168622.338114,804808525.537223,805162571.787264,804100582.465624,786640006.097846,840927996.555194,..
GDP (current US$),NY.GDP.MKTP.CD,San Marino,SMR,..,1101897917.81832,2363156432.34232,2139072847.68212,2054489852.65499,1800077091.09598,1865374402.54912,1788510017.24824,1523012088.2777,1564380530.97345,1632860040.56795,..
GDP (current US$),NY.GDP.MKTP.CD,Sao Tome and Principe,STP,..,..,187821029.033169,197454053.145088,233213522.645348,252560557.083061,302924711.436314,348941715.374951,315521531.954768,354237479.156978,392570292.501299,..
GDP (current US$),NY.GDP.MKTP.CD,Saudi Arabia,SAU,117630271802.403,189514926213.333,429097866666.667,528207200000,671238840106.667,735974843360,746647127413.333,756350347333.334,654269902880,644935541440,686738400000,..
GDP (current US$),NY.GDP.MKTP.CD,Senegal,SEN,7237100724.34196,5924239700.81588,16248212852.2153,16215069255.5883,17878780184.8872,17825417949.4095,18960182371.4679,19770919167.0965,17767620058.8554,18973894458.795,21070225734.7861,..
GDP (current US$),NY.GDP.MKTP.CD,Serbia,SRB,..,6540247190.33529,42616653299.9115,39460357730.5224,46466728666.6103,40742313861.1374,45519650911.4138,44210806365.6817,37160332465.1645,38299854688.1277,41431648801.1663,..
GDP (current US$),NY.GDP.MKTP.CD,Seychelles,SYC,368584758.942457,614879764.780006,847397850.094417,969936525.298729,1065826669.89742,1060222480.2109,1328158359.63061,1343010475.37046,1377492465.56086,1427525456.57573,1497959568.97249,..
GDP (current US$),NY.GDP.MKTP.CD,Sierra Leone,SLE,649644826.800447,635874002.198748,2453899846.88317,2578026297.15912,2942546781.04548,3801862611.36414,4920343194.99339,5015157815.73406,4218723875.1379,3556036534.56923,3775047333.92116,..
GDP (current US$),NY.GDP.MKTP.CD,Singapore,SGP,36152027893.1446,95833932714.6172,192408387762.118,236421782178.218,275966926379.393,290673681683.604,304454327499.401,311539499644.858,304097759674.134,309763879840.753,323907234412.34,..
GDP (current US$),NY.GDP.MKTP.CD,Sint Maarten (Dutch part),SXM,..,..,..,..,..,..,..,..,..,..,..,..
GDP (current US$),NY.GDP.MKTP.CD,Slovak Republic,SVK,12694544692.7374,29114875621.8905,88945625173.6593,89501012915.7314,98181259740.0919,93413992955.8972,98478349315.3252,100948236941.182,87501423882.4686,89768598023.3903,95769031980.1362,..
GDP (current US$),NY.GDP.MKTP.CD,Slovenia,SVN,..,20342201356.0052,50244793831.6199,48013606745.4803,51290792018.1074,46352802765.5763,48116256926.0807,49904928335.3069,43072415017.4321,44708598648.8562,48769655479.2388,..
GDP (current US$),NY.GDP.MKTP.CD,Solomon Islands,SLB,302515026.890225,435103853.485036,597765363.128492,681151193.502387,932725583.343148,1063879445.83424,1129787198.20326,1172268300.95047,1154650068.85921,1232699139.42779,1303453622.23293,..
GDP (current US$),NY.GDP.MKTP.CD,Somalia,SOM,..,..,..,..,..,..,6481000000,6562001351.4788,6659000748.05936,6761998533.93861,7052000000,..
GDP (current US$),NY.GDP.MKTP.CD,South Africa,ZAF,115553279480.54,136361854808.496,295936485832.635,375349442837.187,416418874939.232,396327875201.304,366643223164.004,350636208163.772,317536830640.619,295746599722.066,348871647959.64,..
GDP (current US$),NY.GDP.MKTP.CD,South Sudan,SSD,..,..,..,..,17273335563.7337,11266779661.0169,14940338983.0508,15099661016.9492,10906867789.8878,2904114903.22912,..,..
GDP (current US$),NY.GDP.MKTP.CD,Spain,ESP,535101248775.71,595402616546.895,1499099749930.54,1431616749640.29,1488067258325.2,1336018949805.58,1361854206549.39,1376910811040.88,1197789902774.43,1237255019653.86,1311320015515.99,..
GDP (current US$),NY.GDP.MKTP.CD,Sri Lanka,LKA,8032551173.24014,16330814179.9766,42066217871.5349,56725749222.0435,65292753005.7475,68434409314.841,74317806538.3789,79356449840.8881,80604080688.7961,81787420023.358,87357205923.1238,..
GDP (current US$),NY.GDP.MKTP.CD,St. Kitts and Nevis,KNA,217258907.777778,433520494.939384,767066391.818518,766785071.244444,818728133.003704,800392821.222222,849496203.911111,916857359.52963,936314411.47037,958973183.222222,992007403.125926,..
GDP (current US$),NY.GDP.MKTP.CD,St. Lucia,LCA,515979396.777778,833537296.296296,1262872666.66667,1382054666.66667,1438006888.88889,1436447074.07407,1469795740.74074,1516576962.96296,1622436703.7037,1635675296.2963,1737504296.2963,..
GDP (current US$),NY.GDP.MKTP.CD,St. Martin (French part),MAF,..,..,..,..,..,..,..,..,..,..,..,..
GDP (current US$),NY.GDP.MKTP.CD,St. Vincent and the Grenadines,VCT,240365262.592593,396261370.37037,674922481.481481,681225962.962963,676129407.407407,692933740.740741,721208998.225378,727714407.111622,755458031.415067,770762204.076067,785222509.144563,..
GDP (current US$),NY.GDP.MKTP.CD,Sudan,SDN,12408647540.9836,12257418326.0734,53150209167.934,65634109236.7736,67327289319.733,68125631150.2939,72065940085.7719,82151588418.8325,97156119150,95584380032.2061,117487857142.857,..
GDP (current US$),NY.GDP.MKTP.CD,Suriname,SUR,388400000,947671969.69697,3875555555.55556,4368398047.64333,4422646203.75187,4958566169.81474,5149556633.8135,5235212205.60635,4767414747.88691,3152173913.04348,2995827900.91265,..
GDP (current US$),NY.GDP.MKTP.CD,Sweden,SWE,258154283908.9,259802012617.057,429657033107.737,488377689564.921,563109663291.177,543880647757.404,578742001487.571,573817719109.402,497918109302.399,514459972806.171,538040458216.997,..
GDP (current US$),NY.GDP.MKTP.CD,Switzerland,CHE,258066552980.132,272055499940.786,541506500413.565,583782977866.405,699579638638.226,668043614122.87,688504173431.454,709182559935.301,679289166858.236,668745279604.532,678887336848.252,..
GDP (current US$),NY.GDP.MKTP.CD,Syrian Arab Republic,SYR,12308624283.9787,19325894913.1254,..,..,..,..,..,..,..,..,..,..
GDP (current US$),NY.GDP.MKTP.CD,Tajikistan,TJK,2629395066.27017,860521119.298753,4979481980.35098,5642178579.58438,6522732202.50748,7633049792.09321,8506045086.26842,9236309138.04277,7854602391.65355,6952678127.03396,7146449583.02631,..
GDP (current US$),NY.GDP.MKTP.CD,Tanzania,TZA,4258743262.82876,10185786382.8283,28573777052.4542,31409598703.7061,33877905103.8715,39087797979.9554,44413614439.1527,48219739330.6593,45628320355.1735,47388394818.1193,52090321003.0556,..
GDP (current US$),NY.GDP.MKTP.CD,Thailand,THA,85343063965.9182,126392308497.749,281710095724.761,341105009515.333,370818747396.833,397558094269.877,420333333333.333,407339361695.577,401399422442.967,411755164832.674,455302682985.757,..
GDP (current US$),NY.GDP.MKTP.CD,Timor-Leste,TLS,..,439600000,3199600000,3998900000,5681900000,6671000000,5649800000,4045400000,3104400000,2521000000,2954620999.58441,..
GDP (current US$),NY.GDP.MKTP.CD,Togo,TGO,1628427515.41881,1488185772.47585,3365711796.38206,3426022205.75557,3867391618.08827,3873529926.22723,4320427495.74933,4568900619.92456,4179185205.16122,4457732624.94515,4757776485.12802,..
GDP (current US$),NY.GDP.MKTP.CD,Tonga,TON,113563821.577404,202363492.160332,318166562.784677,369485198.817979,423011844.331641,472358251.224261,450686353.674011,443911052.254042,435438217.281663,401117499.988895,427659795.301271,..
GDP (current US$),NY.GDP.MKTP.CD,Trinidad and Tobago,TTO,5068000000,8154338232.95978,19172165225.5015,22157253321.2039,25366520906.9264,25601811993.9704,26578524198.305,27200280855.0476,24401734194.6814,22295585700.3672,22079017626.6686,..
GDP (current US$),NY.GDP.MKTP.CD,Tunisia,TUN,12290568181.8182,21473188881.5933,43454935940.1614,44050929160.2627,45810626509.4474,45044112939.3687,46251061734.4741,47632326088.237,43152528548.124,41808379888.2682,39952095560.8829,..
GDP (current US$),NY.GDP.MKTP.CD,Turkey,TUR,150676291094.21,272979846449.136,644640000000,771901783337.77,832523582089.552,873982182628.062,950579367580.628,934185972127.028,859796691176.471,863721731068.508,851549299635.427,..
GDP (current US$),NY.GDP.MKTP.CD,Turkmenistan,TKM,3189539641.3171,2904662604.82053,20214385964.9123,22583157894.7368,29233333333.3333,35164210526.3158,39197543859.6491,43524210526.3158,35799714285.7143,36180000000,37926285714.2857,..
GDP (current US$),NY.GDP.MKTP.CD,Turks and Caicos Islands,TCA,..,..,..,..,..,..,..,..,..,..,..,..
GDP (current US$),NY.GDP.MKTP.CD,Tuvalu,TUV,8824447.74022325,13742057.0500928,27101076.2751521,31823518.6204366,38711827.7537311,37671734.8254533,37509122.0727128,37290587.4998681,35556038.8176495,36572611.8853148,39731317.3044487,..
GDP (current US$),NY.GDP.MKTP.CD,Uganda,UGA,4304398865.88268,6193246837.09687,18168902153.8798,20186496527.1256,20176025256.9153,23114293416.3905,24599550623.7254,27291879819.3622,27102650386.6012,24133664284.5033,25995031850.1658,..
GDP (current US$),NY.GDP.MKTP.CD,Ukraine,UKR,81456918678.5008,31261527363.144,117113410001.027,136013155905.036,163159671670.265,175781379051.433,183310146378.081,133503411375.739,91030959454.6961,93355993628.5042,112154185121.406,..
GDP (current US$),NY.GDP.MKTP.CD,United Arab Emirates,ARE,50701443748.2975,104337372362.151,253547358747.447,289787338325.391,350666031313.819,374590605854.323,390107556160.654,403137100068.073,358135057862.492,357045064669.843,382575085091.899,..
GDP (current US$),NY.GDP.MKTP.CD,United Kingdom,GBR,1093169389204.55,1647951278559.54,2382825985355.97,2441173394729.62,2619700404733.37,2662085168498.93,2739818680930.19,3022827781881.39,2885570309160.86,2650850178102.14,2622433959604.16,..
GDP (current US$),NY.GDP.MKTP.CD,United States,USA,5979589000000,10284779000000,14418739000000,14964372000000,15517926000000,16155255000000,16691517000000,17427609000000,18120714000000,18624475000000,19390604000000,..
GDP (current US$),NY.GDP.MKTP.CD,Uruguay,URY,9298839655.23139,22823255801.8447,31660911277.0294,40284481651.9021,47962439303.7247,51264390116.4909,57531233350.9101,57236013086.1223,53274304222.136,52687612261.5424,56156972157.6958,..
GDP (current US$),NY.GDP.MKTP.CD,Uzbekistan,UZB,13360607917.8773,13760513969.314,33689223673.2577,39332770928.9426,45915191189.3237,51821573338.1312,57690453460.6205,63067077178.5381,66903804142.5395,67445712840.4013,49677172714.26,..
GDP (current US$),NY.GDP.MKTP.CD,Vanuatu,VUT,158397403.041175,272014693.050806,610066628.693058,700804286.224354,792149700.679116,781702874.106058,801787555.861121,814954306.971033,737917151.424178,787942567.411846,862879789.027549,..
GDP (current US$),NY.GDP.MKTP.CD,"Venezuela, RB",VEN,48598315565.032,117140723529.412,329787628928.472,393192354510.653,316482190800.364,381286237847.667,371005379786.566,482359318767.703,..,..,..,..
GDP (current US$),NY.GDP.MKTP.CD,Vietnam,VNM,6471740805.56984,31172518403.3162,106014659770.222,115931749697.241,135539438559.709,155820001920.492,171222025117.381,186204652922.262,193241108709.536,205276172134.901,223779865815.183,..
GDP (current US$),NY.GDP.MKTP.CD,Virgin Islands (U.S.),VIR,1564700032,..,4203000000,4339000000,4239000000,4095000000,3762000000,3622000000,3759000000,..,..,..
GDP (current US$),NY.GDP.MKTP.CD,West Bank and Gaza,PSE,..,4313600000,7268200000,8913100000,10465400000,11279400000,12476000000,12715600000,12673000000,13425700000,14498100000,..
GDP (current US$),NY.GDP.MKTP.CD,"Yemen, Rep.",YEM,5647119229.00763,9652436179.64605,25130274124.2524,30906749533.221,32726417878.391,35401339869.3055,40415233436.1767,43228583935.0365,45593573381.2648,36436652465.1639,31267675216.25,..
GDP (current US$),NY.GDP.MKTP.CD,Zambia,ZMB,3285217391.30435,3600683039.73254,15328342303.9575,20265556273.582,23460098339.7453,25503370699.2015,28045460442.1876,27150630607.2032,21154394545.895,20954754378.1394,25868142073.452,..
GDP (current US$),NY.GDP.MKTP.CD,Zimbabwe,ZWE,8783816700,6689957600,9665793300,12041655200,14101920300,17114849900,19091020000,19495519600,19963120600,20548678100,22040902300,..
GDP (current US$),NY.GDP.MKTP.CD,Arab World,ARB,446901684405.475,735188056517.166,1796199871252.04,2109932335481.52,2501738923095.22,2786787184920.6,2866861303189.56,2908394129857.66,2560753811359.54,2513935702899.65,2586310796347.12,..
GDP (current US$),NY.GDP.MKTP.CD,Caribbean small states,CSS,17959211147.0321,34177064571.079,58163115346.8116,63268926036.5313,68351085108.7705,70588397890.6743,71335339138.4765,72495698044.4166,70862033353.6265,67665555626.4245,68823642409.779,..
GDP (current US$),NY.GDP.MKTP.CD,Central Europe and the Baltics,CEB,256391119870.428,427831355695.718,1286274030112.12,1312221268453.82,1445063963266.39,1350943595197.33,1421875004125.78,1464263712669.79,1285887062843.63,1314649428199.32,1454536913148.29,..
GDP (current US$),NY.GDP.MKTP.CD,Early-demographic dividend,EAR,1814815462400.96,3289051893099.14,7019441790267.02,8527822449104.14,9582292843929.25,10044524034458.6,10229631406072.6,10579531046172.6,10262511922399,10478469295415.3,11289478472218.9,..
GDP (current US$),NY.GDP.MKTP.CD,East Asia & Pacific,EAS,4732430623132.27,8280879009022.68,14531227663501,16943268044133.5,19647940619348,21031417537881.9,21275177777578.7,21914183151602.1,21795245264442.9,22511544018858.2,23996456162788.6,..
GDP (current US$),NY.GDP.MKTP.CD,East Asia & Pacific (excluding high income),EAP,663000622831.177,1735179304664.37,6498977010087.79,7882449511059.16,9635874338295.12,10749714204582.3,11864680965128.8,12757489858485.5,13271287745643.1,13508699275921.3,14739561923912.5,..
GDP (current US$),NY.GDP.MKTP.CD,East Asia & Pacific (IDA & IBRD countries),TEA,661633286422.921,1731600765283.84,6486171262124.66,7867125329023.63,9617241167266.96,10728922595552.8,11841791067819.2,12732927119604.8,13245781212588.4,13482761895157.8,14711297865073.7,..
GDP (current US$),NY.GDP.MKTP.CD,Euro area,EMU,5865987333446.54,6480938576671.83,12904996282315.9,12641025254256.9,13622017842135.8,12641928622059.2,13193290272489.4,13478913497853.3,11667268254660.3,11935033021358,12589879981668,..
GDP (current US$),NY.GDP.MKTP.CD,Europe & Central Asia,ECS,8833504893235.43,10018778713285.6,20445992796934.1,20920601404656.3,23180278607537.6,22342893777522.8,23351858469339.8,23659400851557.1,20373896284736.6,20283925294721.9,21444091703392.5,..
GDP (current US$),NY.GDP.MKTP.CD,Europe & Central Asia (excluding high income),ECA,933135736552.354,698128647956.78,2599285122499.55,3096286598322.38,3827730416313.97,4054083751455.33,4310653102525.82,4021999346982.25,3074851737103.9,2944402616015.28,3302378754265.41,..
GDP (current US$),NY.GDP.MKTP.CD,Europe & Central Asia (IDA & IBRD countries),TEC,1020989552595.84,891788520370.975,3101835443918.1,3635388689813.08,4418859678669.48,4610916129686.05,4893001942185.3,4624956065391.07,3601312782165.58,3468035583953.44,3884057680538.62,..
GDP (current US$),NY.GDP.MKTP.CD,European Union,EUU,7573007343262.65,8906062201757,17102541287761,16986909515357.4,18349552365225.9,17292208081934.1,18028906567564.8,18635887171535.5,16416319932320,16493732605955.8,17281870755987.3,..
GDP (current US$),NY.GDP.MKTP.CD,Fragile and conflict affected situations,FCS,..,217556592771.691,541286458424.602,644646998633.361,708631770603.245,816296451885.723,851363110898.796,860906213079.748,781966692278.924,747106470807.938,822637672949.247,..
GDP (current US$),NY.GDP.MKTP.CD,Heavily indebted poor countries (HIPC),HPC,134425806111.027,159165104121.53,428441015540.799,473380190094.03,528923376245.05,568543471450.963,635091382870.184,671126190446.291,665409603321.643,672719512886.166,742642395300.865,..
GDP (current US$),NY.GDP.MKTP.CD,High income,HIC,19053933456718.3,27898295102220.8,43561058823053.3,45719294230837.4,49412353685145,49466770010251.3,50012863581974.3,51049656922114.4,48319656623607.1,49281339920674.9,51479366306874.8,..
GDP (current US$),NY.GDP.MKTP.CD,IBRD only,IBD,3451318895322.81,5800338930601.29,16450197453298.4,19985795436049.1,23638905235352,25133870749534.5,26571030133552.5,27450311568150.4,25914342622835.2,26042173656557.1,28665370349218.4,..
GDP (current US$),NY.GDP.MKTP.CD,IDA & IBRD total,IBT,3788506243939.15,6251559693296.07,17709767716083.1,21438046280698.5,25299507731755.8,26924841020276,28535903049936,29567244890707.3,27992065449229.7,28065251287997,30791189249167,..
GDP (current US$),NY.GDP.MKTP.CD,IDA blend,IDB,148024471547.354,198869613283.214,605773348293.585,706536095373.902,816005513717.911,898602657147.683,977361746527.127,1058845282391.08,1003001432752.72,929069294453.912,924274680350.726,..
GDP (current US$),NY.GDP.MKTP.CD,IDA only,IDX,191134161853.149,252200872865.304,655632558883.845,743067809596.669,838868078411.719,885672688064.551,984262617607.663,1057664699569.24,1079076488884.1,1100909371089.22,1211018778844.12,..
GDP (current US$),NY.GDP.MKTP.CD,IDA total,IDA,340982882945.747,453488227878.829,1266430930074.32,1456434804463.07,1662202072054.11,1793840402131.3,1971205421224.8,2127198381354.22,2089451144888.92,2033195096250.88,2134213213197.64,..
GDP (current US$),NY.GDP.MKTP.CD,Late-demographic dividend,LTE,2033209502650.88,3402236664361.05,11263773382286.1,13513137975049.5,16479031277006,17632220035281.9,19014006861887.3,19703591274717.6,18464370139344.7,18471547018952.7,20463581135531.2,..
GDP (current US$),NY.GDP.MKTP.CD,Latin America & Caribbean,LCN,1178575134273.92,2287586779028.22,4312103234408.21,5347330835424.51,6080907926035.55,6143787788477.46,6295129135694.07,6417071118037.93,5516998478056.28,5381030431192.47,5974236160003.79,..
GDP (current US$),NY.GDP.MKTP.CD,Latin America & Caribbean (excluding high income),LAC,941929520079.885,1798300369038.6,3600734480045.94,4481072174864.07,5054640853840.34,5075675863878.23,5196506873413.56,5356666312204.11,4387475711763.74,4284868016349.43,4744004226809.16,..
GDP (current US$),NY.GDP.MKTP.CD,Latin America & the Caribbean (IDA & IBRD countries),TLA,1109227874665.3,2174345039489.08,4123961494576.23,5152710424889.5,5878042083003.65,5934947300672.19,6081520513732.55,6199464268957.2,5289638340934.71,5148501416959.25,5722759834219.96,..
GDP (current US$),NY.GDP.MKTP.CD,Least developed countries: UN classification,LDC,159605165175.418,207279093722.303,582489617337.569,667272769017.931,770556184649.935,823708788408.379,893031958794.451,969740498182.025,959826978203.386,961386046559.406,1074101627590.25,..
GDP (current US$),NY.GDP.MKTP.CD,Low & middle income,LMY,3546525739404.06,5689062395309.29,16703505487332.1,20251031074492,23912927039398.4,25539078386943.4,27101109201862.5,28155302345846.4,26611543367675.5,26726016966212.3,29284368455898.7,..
GDP (current US$),NY.GDP.MKTP.CD,Low income,LIC,118048106032.137,145192911841.727,360543268455.701,392927956726.571,445371538523.617,482122048852.919,528951381747.87,566457893204.468,556848371132.139,538609463028.729,575398243890.915,..
GDP (current US$),NY.GDP.MKTP.CD,Lower middle income,LMC,905268417634.46,1294567364808.38,3659297579280.44,4486999779580.24,5091371380482.7,5340630487957.62,5578944490194.61,5874696383767.07,5834879339132.92,6054671000959.61,6516981067473.99,..
GDP (current US$),NY.GDP.MKTP.CD,Middle East & North Africa,MEA,550733429745.5,967036532456.887,2368231514846.58,2767867932129.79,3282146389758.02,3575250438663.59,3552739295302.56,3567701670984.17,3147153525197.42,3155751031178.16,3275662618704.45,..
GDP (current US$),NY.GDP.MKTP.CD,Middle East & North Africa (excluding high income),MNA,..,451673606823.492,1195903243760.56,1383517142376.51,1568522348029.8,1728448949153.39,1623681399008.02,1598388987556.7,1444184538528.5,1459009156993.9,1440493935136.74,..
GDP (current US$),NY.GDP.MKTP.CD,Middle East & North Africa (IDA & IBRD countries),TMN,..,447311432447.737,1188669436892.45,1374620791122.45,1558059481133.08,1717183893494.45,1611133030606.67,1585582335132.99,1431375209349.5,1445417303459.41,1425775051964.19,..
GDP (current US$),NY.GDP.MKTP.CD,Middle income,MIC,3432914422091.28,5546860568913.78,16350049303791,19856773794969.2,23462551328987.7,25052913311421.9,26571359077279.2,27591216102255.4,26060682945110.6,26189817248640.8,28708949920301.8,..
GDP (current US$),NY.GDP.MKTP.CD,North America,NAC,6575110950908.47,11030552667252.6,15795698382986.4,16583580836811.1,17312124677047.8,17985081294447.6,18539718715830.2,19232659728993,19686255793552.8,20166305457752,21049975179140.2,..
GDP (current US$),NY.GDP.MKTP.CD,Not classified,INX,..,..,..,..,..,..,..,..,..,..,..,..
GDP (current US$),NY.GDP.MKTP.CD,OECD members,OED,18715226043501.8,27406671767333.5,42617383720415.5,44647279651025.7,47978631594101.6,47893537166943.4,48473422756535.5,49485304942607.9,46749583061470,47659683711510.1,49629781174501.2,..
GDP (current US$),NY.GDP.MKTP.CD,Other small states,OSS,54371459809.2087,91543040987.1909,279012564003.478,324296889115.896,400607646223.844,418985290827.446,436054902532.825,448114815325.367,370581353575.521,365180793974.342,403250638049.942,..
GDP (current US$),NY.GDP.MKTP.CD,Pacific island small states,PSS,2421494079.78455,3444107103.84476,5776683305.58464,6416546872.32604,7632369497.28145,8148836479.22435,8440624521.67246,8800522784.6356,8589369460.34644,9025052141.97457,9665737127.79857,..
GDP (current US$),NY.GDP.MKTP.CD,Post-demographic dividend,PST,18360785582372.7,26289657755205.7,40673552613129.2,42412404216511.4,45528560210285.1,45463014310559,45860040677819.4,46789822585196.9,44280417963556.6,45260097063637.2,47092727170709,..
GDP (current US$),NY.GDP.MKTP.CD,Pre-demographic dividend,PRE,193961244640.427,236361622279.74,855761109622.909,1011298380634.19,1183404085974.42,1305334853529.75,1428910356924.43,1528543228828.74,1344611323866.14,1220166420291.91,1295511382676.35,..
GDP (current US$),NY.GDP.MKTP.CD,Small states,SST,74687407806.4398,129159920380.07,342952362655.875,393982362024.753,476591100829.896,497722525197.345,515830866192.974,529411036154.419,450032756389.494,441871401742.741,481740017587.519,..
GDP (current US$),NY.GDP.MKTP.CD,South Asia,SAS,402945014641.955,616124993112.047,1665541206115.67,2042061634081.08,2271880459393.29,2297280332400.63,2357174528818.47,2581874264471.9,2696116882251.6,2902952967919.78,3294668928203.49,..
GDP (current US$),NY.GDP.MKTP.CD,South Asia (IDA & IBRD),TSA,402945014641.955,616124993112.047,1665541206115.67,2042061634081.08,2271880459393.29,2297280332400.63,2357174528818.47,2581874264471.9,2696116882251.6,2902952967919.78,3294668928203.49,..
GDP (current US$),NY.GDP.MKTP.CD,Sub-Saharan Africa,SSF,335818013649.388,392087586531.511,1146185673576.2,1366254396942.11,1550965860009.12,1633377912701,1739842927885.69,1826903049776.29,1665066294226.42,1543178532381.65,1669767509030.35,..
GDP (current US$),NY.GDP.MKTP.CD,Sub-Saharan Africa (excluding high income),SSA,335448919102.487,391469596883.441,1145339193475.1,1365285978395.57,1549900214419.98,1632318042796.02,1738514627952.82,1825559832198.29,1663688786788.45,1541751163906.9,1668269754341.73,..
GDP (current US$),NY.GDP.MKTP.CD,Sub-Saharan Africa (IDA & IBRD countries),TSS,335818013649.388,392087586531.511,1146185673576.2,1366254396942.11,1550965860009.12,1633377912701,1739842927885.69,1826903049776.29,1665066294226.42,1543178532381.65,1669767509030.35,..
GDP (current US$),NY.GDP.MKTP.CD,Upper middle income,UMC,2526181423086.94,4252375134921.48,12690751724510.6,15369774015389,18371179948505,19712282823464.3,20992414587084.6,21716519718488.4,20219305350733.9,20124279747628.3,22182784744754.5,..
GDP (current US$),NY.GDP.MKTP.CD,World,WLD,22607137528484.8,33597862243728.6,60267069670108.8,65965875326710.8,73316778722289.8,74993708029391.5,77098794653614.5,79188461749937.3,74916086734465.4,75997380505934.8,80737576004679.9,..
,,,,,,,,,,,,,,,
,,,,,,,,,,,,,,,
,,,,,,,,,,,,,,,
Data from database: World Development Indicators,,,,,,,,,,,,,,,
Last Updated: 03/21/2019,,,,,,,,,,,,,,,
